start_time,request_type,latency,response_code
1740610145778,POST,225271,201
1740610145779,POST,225271,201
1740610145778,POST,225272,201
1740610145779,POST,225271,201
1740610145778,POST,225272,201
1740610145779,POST,225270,201
1740610145779,POST,225270,201
1740610145778,POST,225271,201
1740610145779,POST,225270,201
1740610145779,POST,225270,201
1740610145778,POST,225271,201
1740610145779,POST,225270,201
1740610145778,POST,225271,201
1740610145778,POST,225271,201
1740610145778,POST,225271,201
1740610145779,POST,225270,201
1740610145779,POST,225270,201
1740610145779,POST,225270,201
1740610145779,POST,225270,201
1740610145779,POST,225270,201
1740610145778,POST,225271,201
1740610145778,POST,225271,201
1740610145779,POST,225270,201
1740610145778,POST,225271,201
1740610145779,POST,225270,201
1740610145779,POST,225270,201
1740610145779,POST,225270,201
1740610145778,POST,225271,201
1740610145778,POST,225271,201
1740610145779,POST,225270,201
1740610145779,POST,225270,201
1740610145778,POST,225283,201
1740610371057,POST,26,201
1740610371056,POST,27,201
1740610371056,POST,33,201
1740610371056,POST,33,201
1740610371057,POST,32,201
1740610371057,POST,32,201
1740610371056,POST,33,201
1740610371057,POST,32,201
1740610371056,POST,33,201
1740610371057,POST,47,201
1740610371057,POST,47,201
1740610371056,POST,48,201
1740610371057,POST,47,201
1740610371057,POST,47,201
1740610371057,POST,47,201
1740610371056,POST,48,201
1740610371057,POST,47,201
1740610371057,POST,48,201
1740610371057,POST,48,201
1740610371057,POST,48,201
1740610371057,POST,48,201
1740610371056,POST,51,201
1740610371057,POST,50,201
1740610371057,POST,50,201
1740610371057,POST,50,201
1740610371057,POST,50,201
1740610371057,POST,50,201
1740610371056,POST,51,201
1740610371061,POST,46,201
1740610371058,POST,49,201
1740610371083,POST,40,201
1740610371104,POST,1847,201
1740610371104,POST,1847,201
1740610372952,POST,304043,201
1740610372952,POST,304043,201
1740610676996,POST,29,201
1740610676996,POST,29,201
1740610677025,POST,31,201
1740610677025,POST,35,201
1740610677056,POST,33,201
1740610677060,POST,29,201
1740610677089,POST,30,201
1740610677089,POST,30,201
1740610677119,POST,29,201
1740610677119,POST,29,201
1740610677148,POST,32,201
1740610677148,POST,32,201
1740610677180,POST,32,201
1740610677180,POST,32,201
1740610677212,POST,32,201
1740610677212,POST,32,201
1740610677244,POST,32,201
1740610677244,POST,32,201
1740610677276,POST,30,201
1740610677276,POST,34,201
1740610677306,POST,33,201
1740610677310,POST,33,201
1740610677339,POST,32,201
1740610677343,POST,39,201
1740610677371,POST,35,201
1740610677382,POST,33,201
1740610677406,POST,31,201
1740610677415,POST,32,201
1740610677437,POST,33,201
1740610677447,POST,33,201
1740610677471,POST,30,201
1740610677480,POST,31,201
1740610677501,POST,33,201
1740610677511,POST,31,201
1740610677534,POST,31,201
1740610677542,POST,33,201
1740610677565,POST,30,201
1740610677575,POST,32,201
1740610677595,POST,29,201
1740610677607,POST,31,201
1740610677624,POST,33,201
1740610677638,POST,33,201
1740610677657,POST,35,201
1740610677671,POST,33,201
1740610677692,POST,32,201
1740610677704,POST,30,201
1740610677725,POST,38,201
1740610677734,POST,36,201
1740610677763,POST,32,201
1740610677770,POST,34,201
1740610677795,POST,34,201
1740610677804,POST,35,201
1740610677829,POST,34,201
1740610677839,POST,36,201
1740610677864,POST,31,201
1740610677875,POST,31,201
1740610677895,POST,30,201
1740610677906,POST,31,201
1740610677925,POST,29,201
1740610677937,POST,28,201
1740610677954,POST,34,201
1740610677965,POST,34,201
1740610677988,POST,34,201
1740610677999,POST,37,201
1740610678022,POST,33,201
1740610678036,POST,34,201
1740610678055,POST,32,201
1740610678070,POST,32,201
1740610678087,POST,31,201
1740610371057,POST,307066,201
1740610371089,POST,307036,201
1740610371089,POST,307054,201
1740610371089,POST,307054,201
1740610371089,POST,307054,201
1740610678102,POST,41,201
1740610371089,POST,307054,201
1740610371107,POST,313865,201
1740610371104,POST,313868,201
1740610371107,POST,313865,201
1740610371107,POST,313865,201
1740610371107,POST,313865,201
1740610684972,POST,300053,201
1740610684972,POST,300053,201
1740610684972,POST,300053,201
1740610684972,POST,300053,201
1740610684972,POST,300053,201
1740610985026,POST,31,201
1740610985026,POST,31,201
1740610985026,POST,46,201
1740610985026,POST,46,201
1740610985026,POST,48,201
1740610985058,POST,35,201
1740610985074,POST,34,201
1740610985058,POST,52,201
1740610985072,POST,38,201
1740610985072,POST,39,201
1740610985093,POST,31,201
1740610985108,POST,43,201
1740610985110,POST,41,201
1740610985110,POST,41,201
1740610985125,POST,47,201
1740610678143,POST,307031,201
1740610985111,POST,67,201
1740610678118,POST,307060,201
1740610678125,POST,307053,201
1740610678143,POST,307035,201
1740610678143,POST,307035,201
1740610678143,POST,307035,201
1740610678143,POST,307035,201
1740610678123,POST,307055,201
1740610985151,POST,40,201
1740610985151,POST,61,201
1740610985151,POST,61,201
1740610985178,POST,35,201
1740610985178,POST,35,201
1740610985178,POST,35,201
1740610985178,POST,35,201
1740610985178,POST,36,201
1740610985178,POST,36,201
1740610985172,POST,42,201
1740610985174,POST,40,201
1740610985178,POST,36,201
1740610985178,POST,36,201
1740610985191,POST,41,201
1740610985214,POST,35,201
1740610985213,POST,36,201
1740610985214,POST,35,201
1740610985214,POST,36,201
1740610985214,POST,36,201
1740610985212,POST,38,201
1740610985213,POST,37,201
1740610985214,POST,36,201
1740610985214,POST,36,201
1740610985212,POST,38,201
1740610985214,POST,36,201
1740610985232,POST,32,201
1740610985250,POST,29,201
1740610985249,POST,30,201
1740610985250,POST,29,201
1740610985249,POST,30,201
1740610985250,POST,29,201
1740610985250,POST,42,201
1740610985250,POST,42,201
1740610985250,POST,42,201
1740610985250,POST,42,201
1740610985279,POST,33,201
1740610985279,POST,33,201
1740610985264,POST,49,201
1740610985279,POST,34,201
1740610985279,POST,34,201
1740610985279,POST,34,201
1740610985292,POST,41,201
1740610985292,POST,41,201
1740610985292,POST,41,201
1740610985292,POST,41,201
1740610985313,POST,32,201
1740610985313,POST,32,201
1740610985312,POST,34,201
1740610985313,POST,35,201
1740610985313,POST,37,201
1740610985312,POST,38,201
1740610985333,POST,25,201
1740610985333,POST,27,201
1740610985333,POST,27,201
1740610985333,POST,39,201
1740610985346,POST,27,201
1740610985345,POST,28,201
1740610985345,POST,28,201
1740610985350,POST,38,201
1740610985360,POST,28,201
1740610985350,POST,52,201
1740610985348,POST,54,201
1740610985360,POST,42,201
1740610985358,POST,44,201
1740610985373,POST,29,201
1740610985373,POST,46,201
1740610985372,POST,47,201
1740610985388,POST,31,201
1740610985388,POST,31,201
1740610985373,POST,48,201
1740610985402,POST,30,201
1740610985402,POST,30,201
1740610985402,POST,50,201
1740610985402,POST,50,201
1740610985402,POST,50,201
1740610985419,POST,52,201
1740610985421,POST,50,201
1740610985432,POST,40,201
1740610985432,POST,40,201
1740610985419,POST,53,201
1740610985419,POST,53,201
1740610985419,POST,53,201
1740610985452,POST,40,201
1740610985452,POST,41,201
1740610985471,POST,34,201
1740610985472,POST,34,201
1740610985472,POST,37,201
1740610985472,POST,37,201
1740610985471,POST,38,201
1740610985472,POST,37,201
1740610985492,POST,33,201
1740610985505,POST,30,201
1740610985506,POST,29,201
1740610985250,POST,1034,201
1740610986284,POST,31,201
1740610986315,POST,34,201
1740610986349,POST,33,201
1740610986382,POST,34,201
1740610986416,POST,30,201
1740610986447,POST,33,201
1740610985452,POST,1034,201
1740610985472,POST,1030,201
1740610986480,POST,32,201
1740610986486,POST,32,201
1740610985493,POST,1034,201
1740610986502,POST,33,201
1740610985509,POST,1029,201
1740610985509,POST,1029,201
1740610985509,POST,1029,201
1740610985509,POST,1031,201
1740610986512,POST,32,201
1740610986518,POST,32,201
1740610985525,POST,1032,201
1740610986527,POST,30,201
1740610986535,POST,36,201
1740610985535,POST,1036,201
1740610986538,POST,36,201
1740610985535,POST,1039,201
1740610986538,POST,36,201
1740610986538,POST,36,201
1740610986540,POST,34,201
1740610985214,POST,19058,201
1740610985249,POST,19040,201
1740611004273,POST,35,201
1740611004289,POST,29,201
1740611004309,POST,33,201
1740