StartTime,RequestType,Latency,ResponseCode
1740618567874,POST,35088,201
1740618567874,POST,35088,201
1740618567875,POST,35087,201
1740618567877,POST,35085,201
1740618567874,POST,35088,201
1740618567875,POST,35087,201
1740618567877,POST,35085,201
1740618567878,POST,35084,201
1740618567878,POST,35084,201
1740618567878,POST,35084,201
1740618567878,POST,35084,201
1740618567876,POST,35086,201
1740618567877,POST,35085,201
1740618567877,POST,35085,201
1740618567878,POST,35084,201
1740618567874,POST,35088,201
1740618567876,POST,35094,201
1740618567877,POST,35093,201
1740618567877,POST,35093,201
1740618567877,POST,35093,201
1740618567878,POST,35094,201
1740618567876,POST,35096,201
1740618567874,POST,35098,201
1740618567877,POST,35095,201
1740618567878,POST,35094,201
1740618567876,POST,35096,201
1740618567874,POST,35098,201
1740618567874,POST,35098,201
1740618567875,POST,35097,201
1740618567878,POST,35094,201
1740618567877,POST,35095,201
1740618567874,POST,35099,201
1740618602963,POST,27,201
1740618602963,POST,27,201
1740618602963,POST,30,201
1740618602964,POST,29,201
1740618602963,POST,31,201
1740618602963,POST,32,201
1740618602963,POST,36,201
1740618602964,POST,35,201
1740618602963,POST,37,201
1740618602964,POST,36,201
1740618602964,POST,37,201
1740618602964,POST,37,201
1740618602964,POST,37,201
1740618602964,POST,37,201
1740618602963,POST,39,201
1740618602963,POST,39,201
1740618602972,POST,40,201
1740618602970,POST,42,201
1740618602972,POST,40,201
1740618602972,POST,40,201
1740618602972,POST,41,201
1740618602972,POST,41,201
1740618602972,POST,41,201
1740618602970,POST,43,201
1740618602972,POST,41,201
1740618602972,POST,41,201
1740618602970,POST,43,201
1740618602970,POST,43,201
1740618602972,POST,42,201
1740618602973,POST,41,201
1740618602993,POST,37,201
1740618602990,POST,40,201
1740618602995,POST,17162,201
1740618903026,POST,7058,201
1740618903026,POST,7058,201
1740618903031,POST,7053,201
1740618903030,POST,7054,201
1740618903027,POST,7057,201
1740618903030,POST,7054,201
1740618903028,POST,7056,201
1740618903029,POST,7056,201
1740618903030,POST,7056,201
1740618903030,POST,7056,201
1740618903027,POST,7059,201
1740618903029,POST,7057,201
1740618903027,POST,7059,201
1740618903026,POST,7060,201
1740618903031,POST,7055,201
1740618903027,POST,7060,201
1740618903030,POST,7057,201
1740618903030,POST,7057,201
1740618903026,POST,7061,201
1740618903027,POST,7060,201
1740618903026,POST,7061,201
1740618903027,POST,7060,201
1740618903027,POST,7060,201
1740618903029,POST,7058,201
1740618903030,POST,7057,201
1740618903026,POST,7061,201
1740618903026,POST,7061,201
1740618903029,POST,7058,201
1740618903026,POST,7061,201
1740618903029,POST,7058,201
1740618903026,POST,7062,201
1740618910086,POST,29,201
1740618910086,POST,29,201
1740618910084,POST,31,201
1740618910086,POST,29,201
1740618910086,POST,29,201
1740618910084,POST,31,201
1740618910085,POST,30,201
1740618910084,POST,31,201
1740618910087,POST,47,201
1740618910084,POST,50,201
1740618910087,POST,47,201
1740618910087,POST,47,201
1740618910087,POST,49,201
1740618910087,POST,49,201
1740618910087,POST,49,201
1740618910087,POST,49,201
1740618910087,POST,49,201
1740618910084,POST,52,201
1740618910087,POST,49,201
1740618910084,POST,52,201
1740618910087,POST,49,201
1740618910087,POST,49,201
1740618910084,POST,52,201
1740618910087,POST,49,201
1740618910086,POST,50,201
1740618910087,POST,49,201
1740618910087,POST,50,201
1740618910115,POST,39,201
1740618910115,POST,39,201
1740618910115,POST,39,201
1740618910115,POST,39,201
1740618910115,POST,39,201
1740618910136,POST,1793,201
1740618910134,POST,7771,201
1740620073906,POST,62,201
1740620073906,POST,62,201
1740620073906,POST,62,201
1740620073906,POST,62,201
1740620073906,POST,62,201
1740620073906,POST,63,201
1740620073906,POST,63,201
1740620073906,POST,63,201
1740620073906,POST,74,201
1740620073906,POST,74,201
1740620073906,POST,76,201
1740620073906,POST,76,201
1740620073906,POST,76,201
1740620073906,POST,76,201
1740620073906,POST,76,201
1740620073906,POST,76,201
1740620073906,POST,76,201
1740620073906,POST,76,201
1740620073906,POST,77,201
1740620073906,POST,77,201
1740620073906,POST,77,201
1740620073906,POST,77,201
1740620073906,POST,77,201
1740620073906,POST,77,201
1740620073906,POST,77,201
1740620073906,POST,77,201
1740620073906,POST,77,201
1740620073906,POST,77,201
1740620073906,POST,77,201
1740620073968,POST,32,201
1740620073969,POST,31,201
1740620073969,POST,31,201
1740620073968,POST,42,201
1740620073969,POST,41,201
1740620073968,POST,42,201
1740620073968,POST,42,201
1740620073968,POST,42,201
1740620073982,POST,48,201
1740620073982,POST,49,201
1740620073980,POST,51,201
1740620073980,POST,51,201
1740620073983,POST,48,201
1740620073983,POST,48,201
1740620073982,POST,49,201
1740620073982,POST,51,201
1740620073983,POST,50,201
1740620073983,POST,52,201
1740620073983,POST,52,201
1740620073982,POST,53,201
1740620073983,POST,52,201
1740620073982,POST,53,201
1740620073983,POST,52,201
1740620073983,POST,52,201
1740620073982,POST,53,201
1740620073983,POST,55,201
1740620073982,POST,56,201
1740620073983,POST,55,201
1740620074010,POST,40,201
1740620074010,POST,40,201
1740620074000,POST,50,201
1740620074031,POST,1806,201
1740620074031,POST,7759,201
1740620074031,POST,7759,201
1740620074031,POST,7759,201
1740620074030,POST,16125,201
1740620339370,POST,35591,201
1740620374961,POST,36,201
1740620374997,POST,41,201
1740620375038,POST,31,201
1740620339526,POST,35580,201
1740620375106,POST,31,201
1740620375137,POST,33,201
1740620347633,POST,27580,201
1740620375213,POST,33,201
1740620375246,POST,34,201
1740620375280,POST,31,201
1740620375311,POST,36,201
1740620370393,POST,5044,201
1740620375437,POST,32,201
1740620375469,POST,34,201
1740620345341,POST,35582,201
1740620380923,POST,33,201
1740620380956,POST,29,201
1740620380985,POST,33,201
1740620345479,POST,35581,201
1740620345479,POST,35581,201
1740620345479,POST,35582,201
1740620381060,POST,33,201
1740620381061,POST,32,201
1740620381060,POST,33,201
1740620381093,POST,33,201
1740620337710,POST,51661,201
1740620337714,POST,51657,201
1740620337714,POST,51658,201
1740620337692,POST,51680,201
1740620337674,POST,51698,201
1740620337714,POST,51658,201
1740620337683,POST,51689,201
1740620337732,POST,51640,201
1740620337715,POST,51657,201
1740620337710,POST,51662,201
1740620337715,POST,51657,201
1740620337715,POST,51657,201
1740620337710,POST,51662,201
1740620337714,POST,51658,201
1740620337714,POST,51658,201
1740620337692,POST,51680,201
1740620337715,POST,51658,201
1740620337716,POST,51657,201
1740620337732,POST,51641,201
1740620337714,POST,51659,201
1740620337732,POST,51641,201
1740620337692,POST,51681,201
1740620337710,POST,51663,201
1740620337683,POST,51832,201
1740620389372,POST,178,201
1740620389371,POST,179,201
1740620389372,POST,178,201
1740620389372,POST,178,201
1740620389372,POST,178,201
1740620389372,POST,179,201
1740620389372,POST,179,201
1740620389372,POST,179,201
1740620389373,POST,300,201
1740620389372,POST,301,201
1740620389372,POST,301,201
1740620389372,POST,301,201
1740620389373,POST,300,201
1740620389373,POST,300,201
1740620389371,POST,302,201
1740620389373,POST,300,201
1740620389372,POST,301,201
1740620389373,POST,300,201
1740620389373,POST,311,201
1740620389373,POST,311,201
1740620389515,POST,169,201
1740620389372,POST,312,201
1740620389372,POST,329,201
1740620389550,POST,151,201
1740620389372,POST,329,201
1740620389550,POST,151,201
1740620389550,POST,151,201
1740620389550,POST,151,201
1740620389551,POST,151,201
1740620389550,POST,152,201
1740620389551,POST,151,201
1740620389673,POST,175,201
1740620389684,POST,164,201
1740620389673,POST,176,201
1740620389684,POST,165,201
1740620389673,POST,176,201
1740620389673,POST,176,201
1740620389673,POST,176,201
1740620389684,POST,165,201
1740620389673,POST,176,201
1740620389551,POST,298,201
1740620389673,POST,176,201
1740620389673,POST,177,201
1740620389673,POST,177,201
1740620389684,POST,166,201
1740620389701,POST,162,201
1740620389701,POST,162,201
1740620389701,POST,162,201
1740620389702,POST,162,201
1740620389702,POST,162,201
1740620389701,POST,164,201
1740620389701,POST,165,201
1740620389702,POST,164,201
1740620389701,POST,165,201
1740620389848,POST,31,201
1740620389849,POST,30,201
1740620389850,POST,29,201
1740620389849,POST,30,201
1740620389849,POST,30,201
1740620389849,POST,30,201
1740620389849,POST,31,201
1740620389850,POST,177,201
1740620389848,POST,179,201
1740620389863,POST,167,201
1740620389864,POST,167,201
1740620389866,POST,177,201
1740620389866,POST,177,201
1740620389880,POST,169,201
1740620389866,POST,183,201
1740620389865,POST,184,201
1740620390049,POST,165,201
